config,shape,run,baseline_ms,opt_ms,speedup,max_abs,max_rel
fp16x3 (shipped),1,A,9.4471,4.3119,2.191,5.46128e-06,1.625
fp16x3 (shipped),1,B,9.6543,4.4054,2.191,5.46873e-06,1.65625
fp16x3 (shipped),1,C,9.5142,4.3351,2.195,5.46873e-06,1.65625
fp16x3 (shipped),2,A,2.9436,0.8028,3.667,3.94881e-06,0.490384
fp16x3 (shipped),2,B,3.0146,0.7829,3.85,3.94881e-06,0.490384
fp16x3 (shipped),2,C,3.1275,0.805,3.885,3.94881e-06,0.490384
fp16x3 (shipped),3,A,2.8839,0.9913,2.909,4.29153e-06,1.10769
fp16x3 (shipped),3,B,2.9907,0.9066,3.299,4.29153e-06,1.10769
fp16x3 (shipped),3,C,3.0985,0.9564,3.24,4.29153e-06,1.10769
fp16x3 (shipped),4,A,2.9711,1.2168,2.442,3.21865e-06,0.447368
fp16x3 (shipped),4,B,3.7641,1.2102,3.11,3.21865e-06,0.447368
fp16x3 (shipped),4,C,3.9073,1.1807,3.309,3.21865e-06,0.447368
fp16x3 (shipped),5,A,18.3828,8.3924,2.19,5.28246e-06,9.33334
fp16x3 (shipped),5,B,18.7867,8.6831,2.164,5.28246e-06,9.33334
fp16x3 (shipped),5,C,18.5409,8.4849,2.185,5.28246e-06,9.33334
fp16x3 (shipped),6,A,1442.81,707.865,2.038,6.73532e-06,939476
fp16x3 (shipped),6,B,1464.74,671.639,2.181,6.73532e-06,939476
fp16x3 (shipped),6,C,1484.28,727.425,2.04,6.73532e-06,939476
fp16x3 (shipped),7,A,6.3099,1.8944,3.331,2.26498e-06,2.5
fp16x3 (shipped),7,B,6.3362,1.9261,3.29,2.26498e-06,2.5
fp16x3 (shipped),7,C,6.359,1.9681,3.231,2.26498e-06,2.5
fp16x3 (shipped),8,A,137.204,85.8972,1.597,4.08962e-05,183
fp16x3 (shipped),8,B,129.231,79.0818,1.634,4.08962e-05,183.159
fp16x3 (shipped),8,C,143.454,90.9524,1.577,4.08962e-05,183.159
fp16x3 (shipped),9,A,6.5823,4.2908,1.534,4.97699e-06,0.548464
fp16x3 (shipped),9,B,6.4963,4.2291,1.536,4.97699e-06,0.548464
fp16x3 (shipped),9,C,6.7128,4.3889,1.529,4.97699e-06,0.548464
fp16x3 (shipped),10,A,8.0631,4.3239,1.865,5.30481e-06,0.919932
fp16x3 (shipped),10,B,8.0833,4.3002,1.88,5.30481e-06,0.919932
fp16x3 (shipped),10,C,8.2066,4.3783,1.874,5.30481e-06,0.919932
fp16x3 (shipped),11,A,22.601,6.6867,3.38,5.126e-06,5.44
fp16x3 (shipped),11,B,22.393,6.5782,3.404,5.126e-06,5.44
fp16x3 (shipped),11,C,22.6251,6.728,3.363,5.126e-06,5.44
fp16x3 (shipped),12,A,3.1642,1.2518,2.528,3.69549e-06,0.22449
fp16x3 (shipped),12,B,3.1013,1.3028,2.38,3.69549e-06,0.22449
fp16x3 (shipped),12,C,3.0986,1.2397,2.499,3.69549e-06,0.22449
fp16x3 (shipped),13,A,324.628,68.2107,4.759,5.41657e-06,30.8572
fp16x3 (shipped),13,B,320.876,68.1756,4.707,5.41657e-06,30.8572
fp16x3 (shipped),13,C,324,68.8456,4.706,5.41657e-06,30.8572
fp32,1,A,9.7195,4.298,2.261,1.19209e-06,0.191489
fp32,1,B,9.498,4.1616,2.282,1.19209e-06,0.191489
fp32,1,C,9.4315,4.0444,2.332,1.19209e-06,0.191489
fp32,2,A,2.9907,0.7639,3.915,9.53674e-07,0.0865386
fp32,2,B,2.9895,0.7906,3.781,9.53674e-07,0.0865386
fp32,2,C,3.0494,0.7969,3.826,9.53674e-07,0.0865386
fp32,3,A,3.163,0.9433,3.353,1.19209e-06,0.0769232
fp32,3,B,3.1826,0.9236,3.446,1.19209e-06,0.0769232
fp32,3,C,3.0017,0.8868,3.385,1.19209e-06,0.0769232
fp32,4,A,3.2051,1.3865,2.312,1.19209e-06,0.657895
fp32,4,B,2.9769,1.1981,2.485,1.43051e-06,0.421053
fp32,4,C,3.0069,1.1884,2.53,1.43051e-06,0.421053
fp32,5,A,18.8997,8.3968,2.251,1.43051e-06,4.33333
fp32,5,B,18.4359,8.0159,2.3,1.43051e-06,4.33333
fp32,5,C,18.4193,7.9108,2.328,1.43051e-06,4.33333
fp32,6,A,1492.47,680.896,2.192,1.66893e-06,284325
fp32,6,B,1469.9,681.014,2.158,1.66893e-06,284325
fp32,6,C,1450.37,728.359,1.991,1.66893e-06,284325
fp32,7,A,6.3565,2.2997,2.764,9.53674e-07,2
fp32,7,B,6.3488,2.269,2.798,9.53674e-07,2
fp32,7,C,6.3649,2.3206,2.743,9.53674e-07,2
fp32,8,A,138.056,127.337,1.084,3.21865e-06,4.45455
fp32,8,B,140.281,128.074,1.095,3.21865e-06,4.45455
fp32,8,C,147.786,133.218,1.109,3.21865e-06,4.45455
fp32,9,A,6.6698,5.3063,1.257,1.43051e-06,0.233333
fp32,9,B,6.6274,5.2741,1.257,1.43051e-06,0.233333
fp32,9,C,6.6627,5.1964,1.282,1.43051e-06,0.233333
fp32,10,A,8.2222,5.2488,1.566,1.43051e-06,0.666667
fp32,10,B,8.1724,5.17,1.581,1.43051e-06,0.666667
fp32,10,C,8.1335,5.1369,1.583,1.43051e-06,0.666667
fp32,11,A,22.5996,7.4716,3.025,1.43051e-06,0.386667
fp32,11,B,22.7,7.3822,3.075,1.43051e-06,0.386667
fp32,11,C,22.7164,7.3471,3.092,1.43051e-06,0.386667
fp32,12,A,3.0772,1.4703,2.093,1.19209e-06,0.10396
fp32,12,B,3.2356,1.4865,2.177,1.19209e-06,0.10396
fp32,12,C,2.9409,1.4617,2.012,1.19209e-06,0.10396
fp32,13,A,324.47,66.8783,4.852,1.43051e-06,2.4
fp32,13,B,323.965,67.2468,4.818,1.43051e-06,3.2
fp32,13,C,324.618,68.5138,4.738,1.43051e-06,2.4
