shape,B,D,H,S,L,F,pass,max_abs,max_rel,baseline_ms,opt_ms,speedup,notes
1,64,128,4,128,4,128,PASS,1.19209e-06,0.191489,9.4618,4.1961,2.255,
2,1,128,4,128,4,128,PASS,3.94881e-06,0.490384,2.9563,0.7890,3.747,
3,4,128,4,128,4,128,PASS,4.29153e-06,1.10769,2.9102,0.9769,2.979,
4,16,128,4,128,4,128,PASS,3.21865e-06,0.447368,3.3546,1.1718,2.863,
5,128,128,4,128,4,128,PASS,1.43051e-06,4.33333,18.4542,8.0277,2.299,
6,10000,128,4,128,4,128,PASS,1.66893e-06,284325,1523.6489,719.9518,2.116,
7,64,32,4,128,4,32,PASS,9.53674e-07,2,6.3941,2.3736,2.694,
8,64,1024,4,128,4,1024,PASS,4.08962e-05,183,157.3621,98.3689,1.600,
9,64,128,1,128,4,128,PASS,4.97699e-06,0.548464,6.7547,4.5568,1.482,
10,64,128,2,128,4,128,PASS,5.30481e-06,0.919932,8.2104,4.4507,1.845,
11,64,128,16,128,4,128,PASS,5.126e-06,5.44,22.6919,6.7260,3.374,
12,64,128,4,32,4,128,PASS,1.19209e-06,0.10396,2.8412,1.5626,1.818,
13,64,128,4,1024,4,128,PASS,1.43051e-06,2.4,325.4170,68.6630,4.739,
14,32,1024,16,100000,2,1024,,,,,,,baseline infeasible ~20.5TB
