K,variant,max_abs,mean_abs,bias,frac_below,ms
128,fp32-sgemm,1.541e-06,8.263e-08,-2.783e-11,0.500,0.2283
128,hhl,6.071e-06,4.212e-07,-4.112e-07,0.921,0.3196
128,hhl-splitk2,3.426e-06,1.934e-07,-1.725e-07,0.830,0.6409
128,hhl-splitk4,1.618e-06,1.128e-07,-8.297e-08,0.753,1.2482
128,lhh,1.658e-06,1.165e-07,-9.303e-08,0.777,0.3222
128,lhh-splitk2,1.688e-06,1.168e-07,-9.303e-08,0.775,0.6344
128,lhh-splitk4,1.435e-06,8.797e-08,-6.274e-08,0.737,1.2493
128,split-fp64sum,2.743e-07,3.595e-08,+1.691e-11,0.500,0.0000
128,cpu-rn,3.309e-06,1.746e-07,-6.417e-10,nan,0
256,fp32-sgemm,2.297e-06,1.163e-07,-5.211e-11,0.500,0.3584
256,hhl,1.072e-05,8.176e-07,-8.093e-07,0.952,0.3859
256,hhl-splitk2,5.159e-06,3.536e-07,-3.329e-07,0.879,0.6825
256,hhl-splitk4,2.126e-06,1.887e-07,-1.546e-07,0.801,1.2923
256,lhh,3.031e-06,2.041e-07,-1.745e-07,0.815,0.3931
256,lhh-splitk2,3.031e-06,2.043e-07,-1.744e-07,0.814,0.6841
256,lhh-splitk4,2.260e-06,1.440e-07,-1.146e-07,0.782,1.2977
256,split-fp64sum,1.944e-07,2.887e-08,-1.630e-11,0.500,0.0000
256,cpu-rn,2.923e-06,1.593e-07,-4.701e-10,nan,0
512,fp32-sgemm,3.159e-06,1.643e-07,-1.075e-10,0.500,0.6805
512,hhl,1.786e-05,1.617e-06,-1.605e-06,0.960,0.5422
512,hhl-splitk2,8.783e-06,6.830e-07,-6.527e-07,0.900,0.8580
512,hhl-splitk4,4.412e-06,3.460e-07,-2.960e-07,0.825,1.4220
512,lhh,6.117e-06,3.872e-07,-3.360e-07,0.828,0.5763
512,lhh-splitk2,6.072e-06,3.872e-07,-3.360e-07,0.828,0.8749
512,lhh-splitk4,3.935e-06,2.654e-07,-2.170e-07,0.799,1.4226
512,split-fp64sum,2.464e-07,3.606e-08,-2.659e-11,0.501,0.0000
512,cpu-rn,2.249e-06,1.599e-07,-4.011e-11,nan,0
1024,fp32-sgemm,2.281e-06,1.741e-07,-1.316e-10,0.500,1.2931
1024,hhl,1.531e-05,1.348e-06,-1.295e-06,0.908,0.9399
1024,hhl-splitk2,1.531e-05,1.348e-06,-1.295e-06,0.908,1.3926
1024,hhl-splitk4,8.434e-06,6.628e-07,-5.814e-07,0.841,1.9071
1024,lhh,9.562e-06,7.557e-07,-6.607e-07,0.834,1.1264
1024,lhh-splitk2,9.562e-06,7.557e-07,-6.607e-07,0.834,1.3681
1024,lhh-splitk4,6.513e-06,5.082e-07,-4.220e-07,0.808,1.8739
1024,split-fp64sum,2.149e-07,2.894e-08,+2.550e-11,0.500,0.0000
1024,cpu-rn,1.801e-06,1.601e-07,-5.324e-10,nan,0
2048,fp32-sgemm,3.547e-06,2.455e-07,-7.407e-11,0.500,2.4991
2048,hhl,2.401e-05,2.675e-06,-2.573e-06,0.911,2.4432
2048,hhl-splitk2,1.278e-05,1.293e-06,-1.147e-06,0.847,2.9929
2048,hhl-splitk4,1.278e-05,1.293e-06,-1.147e-06,0.847,3.0164
2048,lhh,1.513e-05,1.492e-06,-1.304e-06,0.835,2.1332
2048,lhh-splitk2,1.188e-05,9.968e-07,-8.290e-07,0.809,2.5575
2048,lhh-splitk4,1.188e-05,9.968e-07,-8.290e-07,0.809,2.8095
2048,split-fp64sum,2.337e-07,3.613e-08,+5.993e-12,0.500,0.0000
2048,cpu-rn,1.746e-06,1.617e-07,+3.870e-12,nan,0
4096,fp32-sgemm,5.308e-06,3.472e-07,+3.109e-10,0.500,9.0197
4096,hhl,4.545e-05,5.335e-06,-5.136e-06,0.912,4.3272
4096,hhl-splitk2,2.283e-05,2.555e-06,-2.280e-06,0.851,5.2040
4096,hhl-splitk4,1.043e-05,1.220e-06,-1.082e-06,0.846,5.4948
4096,lhh,2.749e-05,2.969e-06,-2.598e-06,0.836,4.7487
4096,lhh-splitk2,1.763e-05,1.975e-06,-1.645e-06,0.810,5.0934
4096,lhh-splitk4,9.622e-06,1.073e-06,-9.231e-07,0.828,5.5088
4096,split-fp64sum,1.872e-07,2.891e-08,-2.000e-11,0.500,0.0000
4096,cpu-rn,1.260e-06,1.639e-07,-1.320e-10,nan,0
